sample_idx,formula,geometry,n_atoms,n_neg,is_dftb0_minimum,force_norm,min_eval,condition_number
0,['C2H3N3O2'],reactant,10,1,False,2.7420499324798584,-0.1138132602427322,457.7438480480231
0,['C2H3N3O2'],product,10,3,False,2.2885236740112305,-0.3196501939672172,147849.60435642357
1,['C2H3N3O2'],reactant,10,1,False,2.7420499324798584,-0.1138132602427322,457.7438480480231
1,['C2H3N3O2'],product,10,1,False,3.0798726081848145,-0.11290866909584656,359.4554564511255
2,['C2H3N3O2'],reactant,10,1,False,2.742050886154175,-0.11381308399056911,457.7396715209807
2,['C2H3N3O2'],product,10,1,False,3.1476480960845947,-0.19185535676579438,253.25514968151023
3,['C2H3N3O2'],reactant,10,1,False,2.742050886154175,-0.11381308399056911,457.7396715209807
3,['C2H3N3O2'],product,10,6,False,2.6558823585510254,-1.716312900510215,739.782551171828
4,['C2H3N3O2'],reactant,10,1,False,2.7420499324798584,-0.1138132602427322,457.7438480480231
4,['C2H3N3O2'],product,10,0,True,1.4743281602859497,0.10376986296065661,475.4510253632248
5,['C2H5NO2'],reactant,10,1,False,1.7230342626571655,-0.003937738356589066,11500.700856177265
5,['C2H5NO2'],product,10,1,False,1.1686686277389526,-0.05277718280547109,927.735837724737
6,['C2H5NO2'],reactant,10,1,False,1.7230342626571655,-0.003937750874572083,11500.664261476377
6,['C2H5NO2'],product,10,5,False,0.8776907920837402,-0.5505803557363699,1096.950022590831
7,['C2H5NO2'],reactant,10,2,False,2.037583589553833,-0.6125520542453516,271.14630309532714
7,['C2H5NO2'],product,10,2,False,1.044037938117981,-0.24327074783692026,965.1497298322446
8,['C2H5NO2'],reactant,10,2,False,2.037583589553833,-0.6125520542453516,271.14630309532714
8,['C2H5NO2'],product,10,3,False,2.1621310710906982,-0.6939967980164166,730.4118949061295
9,['C2H5NO2'],reactant,10,2,False,2.037583589553833,-0.6125520542453516,271.14630309532714
9,['C2H5NO2'],product,10,5,False,2.051727533340454,-0.46420599843067256,675.659378798883
10,['C2H5NO2'],reactant,10,2,False,2.037583589553833,-0.6125520542453516,271.14630309532714
10,['C2H5NO2'],product,10,2,False,0.754348635673523,-0.7378644844129539,1827.325780721309
11,['C2HNO'],reactant,5,0,True,1.2706928253173828,0.03263999314307859,980.0100566119798
11,['C2HNO'],product,5,0,True,0.737993597984314,0.060250836715336514,794.7536521115543
12,['C2HNO'],reactant,5,0,True,1.2706928253173828,0.03263999314307859,980.0100566119798
12,['C2HNO'],product,5,0,True,1.1785475015640259,0.015524698904401111,2256.8657083996663
13,['C2HNO'],reactant,5,0,True,1.2706928253173828,0.03263999314307859,980.0100566119798
13,['C2HNO'],product,5,0,True,2.7395362854003906,0.2453385838918683,132.71936717654106
14,['C2HNO'],reactant,5,0,True,1.2706928253173828,0.03263999314307859,980.0100566119798
14,['C2HNO'],product,5,0,True,1.880470633506775,0.15458039187629244,197.55925376282582
15,['C2HNO3'],reactant,7,0,True,3.0120139122009277,0.0175658576979691,1994.4794773352498
15,['C2HNO3'],product,7,5,False,1.0737683773040771,-0.29969625860687243,50265.191376723276
16,['C3H5NO2'],reactant,11,2,False,1.337911605834961,-0.05524109577116219,1069.909675712251
16,['C3H5NO2'],product,11,6,False,1.3830206394195557,-0.24787450843684852,13998.249266073279
17,['C3H5NO2'],reactant,11,2,False,1.337911605834961,-0.05524109577116219,1069.909675712251
17,['C3H5NO2'],product,11,2,False,1.262573480606079,-0.2437444000468561,1888.5853671260236
18,['C3H5NO2'],reactant,11,2,False,1.337911605834961,-0.05524109577116219,1069.909675712251
18,['C3H5NO2'],product,11,2,False,1.132891297340393,-0.05500904789192273,11634.608921230702
19,['C3H5NO2'],reactant,11,2,False,1.337911605834961,-0.05524109577116219,1069.909675712251
19,['C3H5NO2'],product,11,2,False,2.0836706161499023,-0.12054335733957393,1163.2921147216016
20,['C3H5NO2'],reactant,11,2,False,1.337911605834961,-0.05524109577116219,1069.909675712251
20,['C3H5NO2'],product,11,3,False,0.8819366693496704,-0.46094650327060266,2104.488761769407
21,['C3H5NO2'],reactant,11,2,False,1.337911605834961,-0.05524109577116219,1069.909675712251
21,['C3H5NO2'],product,11,1,False,1.0490883588790894,-0.04622239780235626,888.5381335329511
22,['C3H5NO2'],reactant,11,2,False,1.337911605834961,-0.05524109577116219,1069.909675712251
22,['C3H5NO2'],product,11,1,False,1.2873469591140747,-0.08486821592257118,614.2919441766688
23,['C3H5NO2'],reactant,11,2,False,1.337911605834961,-0.05524109577116219,1069.909675712251
23,['C3H5NO2'],product,11,2,False,1.2871721982955933,-0.664048691999142,659.1065065578485
24,['C3H5NO2'],reactant,11,2,False,1.337911605834961,-0.05524109577116219,1069.909675712251
24,['C3H5NO2'],product,11,2,False,0.839834451675415,-0.4691587734524415,1116.7115755199118
25,['C3H5NO2'],reactant,11,2,False,1.337911605834961,-0.05524109577116219,1069.909675712251
25,['C3H5NO2'],product,11,5,False,1.4717708826065063,-0.18909872055446378,1695.1213862504346
26,['C3H5NO2'],reactant,11,1,False,2.357942819595337,-0.2564690507797434,529.4579824400491
26,['C3H5NO2'],product,11,0,True,1.8215667009353638,0.0008508265642360042,53522.10758861255
27,['C3H5NO2'],reactant,11,1,False,2.357942819595337,-0.2564690507797434,529.4579824400491
27,['C3H5NO2'],product,11,5,False,1.212717890739441,-0.4759639082240044,5686.925321318914
28,['C3H5NO2'],reactant,11,1,False,2.357942819595337,-0.2564690507797434,529.4579824400491
28,['C3H5NO2'],product,11,4,False,1.2159945964813232,-0.6137091835457547,745.4419933646875
29,['C3H5NO2'],reactant,11,1,False,2.357942819595337,-0.2564690507797434,529.4579824400491
29,['C3H5NO2'],product,11,2,False,1.8849180936813354,-0.15173281576838565,3572.9300912372482
30,['C3H5NO2'],reactant,11,1,False,2.357942819595337,-0.2564690507797434,529.4579824400491
30,['C3H5NO2'],product,11,1,False,1.5961631536483765,-0.04374885083792557,1003.4504562009612
31,['C3H5NO2'],reactant,11,2,False,1.2067078351974487,-0.7179160352415866,876.5222328291245
31,['C3H5NO2'],product,11,2,False,1.0143299102783203,-0.20035416756130267,672.2874505223265
32,['C3H5NO2'],reactant,11,2,False,1.2067078351974487,-0.7179160352415866,876.5222328291245
32,['C3H5NO2'],product,11,2,False,1.0238956212997437,-1.0876968440579984,751.1007479106306
33,['C3H5NO2'],reactant,11,2,False,1.2067078351974487,-0.7179160352415866,876.5222328291245
33,['C3H5NO2'],product,11,2,False,0.8240024447441101,-0.6320473888008583,901.6757937287191
34,['C3H5NO2'],reactant,11,2,False,1.206709384918213,-0.7179162757144526,876.518385981152
34,['C3H5NO2'],product,11,2,False,1.8909074068069458,-0.14415183787978864,1347.904696823442
35,['C3H5NO2'],reactant,11,2,False,1.7744024991989136,-0.34137394412791894,639.1633604320573
35,['C3H5NO2'],product,11,2,False,1.5380291938781738,-0.3542435441044192,4537.1163832355
36,['C3H5NO2'],reactant,11,2,False,1.7744024991989136,-0.34137394412791894,639.1633604320573
36,['C3H5NO2'],product,11,3,False,1.323380708694458,-0.46823346477899275,1504.8832762385407
37,['C3H5NO2'],reactant,11,2,False,1.7744024991989136,-0.34137394412791894,639.1633604320573
37,['C3H5NO2'],product,11,0,True,1.0614593029022217,0.0040072709895461614,10363.49495942536
38,['C3H5NO2'],reactant,11,2,False,1.774402141571045,-0.3413740331310593,639.1630924618757
38,['C3H5NO2'],product,11,1,False,1.0788670778274536,-0.10473948921441709,702.0894519358937
39,['C3H5NO2'],reactant,11,2,False,1.7744024991989136,-0.34137394412791894,639.1633604320573
39,['C3H5NO2'],product,11,0,True,1.4024202823638916,0.21598472997469387,183.20663392541837
40,['C3H5NO2'],reactant,11,1,False,1.7633723020553589,-0.22977856901141847,8984.894968613951
40,['C3H5NO2'],product,11,1,False,2.4924802780151367,-0.2822286892906971,5131.105737579856
41,['C3H5NO2'],reactant,11,1,False,1.7633715867996216,-0.22977820578511532,8984.772528218093
41,['C3H5NO2'],product,11,3,False,2.3243470191955566,-0.3151901797547695,2363.904419330655
42,['C3H5NO2'],reactant,11,1,False,1.7633723020553589,-0.22977856901141847,8984.894968613951
42,['C3H5NO2'],product,11,2,False,1.1295580863952637,-0.21859199335167007,787.7609339938658
43,['C3H5NO2'],reactant,11,1,False,1.7633723020553589,-0.22977856901141847,8984.894968613951
43,['C3H5NO2'],product,11,1,False,1.5968093872070312,-0.04289062949736619,1023.4752652211965
44,['C3H5NO2'],reactant,11,1,False,1.7633715867996216,-0.22977820578511532,8984.772528218093
44,['C3H5NO2'],product,11,1,False,1.0148530006408691,-0.20996496767892361,1829.9853155598994
45,['C3H5NO2'],reactant,11,1,False,1.7633723020553589,-0.22977856901141847,8984.894968613951
45,['C3H5NO2'],product,11,5,False,1.6173053979873657,-0.4315136218503128,87874.50209938554
46,['C3H5NO2'],reactant,11,3,False,1.6010645627975464,-0.21297672821419295,13650.219071338099
46,['C3H5NO2'],product,11,2,False,2.0811691284179688,-0.12164543942404,933.0098417050937
47,['C3H5NO2'],reactant,11,3,False,1.6010645627975464,-0.21297672821419295,13650.219071338099
47,['C3H5NO2'],product,11,2,False,0.9883269667625427,-0.19015868001085962,1800.0119633981888
48,['C3H5NO2'],reactant,11,3,False,1.6010645627975464,-0.21297672821419295,13650.219071338099
48,['C3H5NO2'],product,11,3,False,1.711330533027649,-0.33297668731315555,4614.288758260486
49,['C3H5NO2'],reactant,11,3,False,1.6010645627975464,-0.21297672821419295,13650.219071338099
49,['C3H5NO2'],product,11,1,False,2.4932119846343994,-0.2820130847512714,5435.839577957299
50,['C3H5NO2'],reactant,11,3,False,1.6010645627975464,-0.21297672821419295,13650.219071338099
50,['C3H5NO2'],product,11,2,False,2.1412675380706787,-0.30776343182517973,1126.4564965428835
51,['C3H5NO2'],reactant,11,3,False,1.6010645627975464,-0.21297672821419295,13650.219071338099
51,['C3H5NO2'],product,11,1,False,1.0598931312561035,-0.2512681642178933,1062.7490440165643
52,['C3H5NO2'],reactant,11,3,False,1.6010645627975464,-0.21297672821419295,13650.219071338099
52,['C3H5NO2'],product,11,3,False,1.3542981147766113,-0.4772055258644559,8868.412424172528
53,['C3H5NO2'],reactant,11,3,False,1.6010645627975464,-0.21297672821419295,13650.219071338099
53,['C3H5NO2'],product,11,2,False,1.0503098964691162,-0.5706747661871568,4980.227707854514
54,['C3H5NO2'],reactant,11,3,False,1.601064682006836,-0.21297673812183426,13650.094945540848
54,['C3H5NO2'],product,11,2,False,2.300665855407715,-0.2529294454973675,5277.943240044258
55,['C3H5NO2'],reactant,11,3,False,1.601064682006836,-0.21297673812183426,13650.094945540848
55,['C3H5NO2'],product,11,2,False,1.845469355583191,-0.20645161802916046,3343.301187509742
56,['C3H5NO2'],reactant,11,3,False,1.6010645627975464,-0.21297672821419295,13650.219071338099
56,['C3H5NO2'],product,11,2,False,1.1136163473129272,-0.25644662154351006,13636.026847941728
57,['C3H5NO2'],reactant,11,3,False,1.6010645627975464,-0.21297672821419295,13650.219071338099
57,['C3H5NO2'],product,11,2,False,1.4361733198165894,-0.27733720616636903,334.4476657707283
58,['C3H5NO2'],reactant,11,3,False,1.6010645627975464,-0.21297672821419295,13650.219071338099
58,['C3H5NO2'],product,11,2,False,1.0284929275512695,-0.09480228988808272,1677.4603936990545
59,['C3H5NO2'],reactant,11,2,False,1.9346877336502075,-0.6152175115441249,579.6823043069937
59,['C3H5NO2'],product,11,2,False,1.5869216918945312,-0.5508516997072804,3612.114975930744
60,['C3H5NO2'],reactant,11,2,False,1.9346877336502075,-0.6152175115441249,579.6823043069937
60,['C3H5NO2'],product,11,1,False,1.8663212060928345,-0.07510584373865828,779.8285900413965
61,['C3H5NO2'],reactant,11,2,False,1.9346877336502075,-0.6152175077886975,579.6823740077792
61,['C3H5NO2'],product,11,1,False,1.5226082801818848,-0.07070643711651532,2251.4773714375715
62,['C3H5NO2'],reactant,11,2,False,1.9346877336502075,-0.6152175115441249,579.6823043069937
62,['C3H5NO2'],product,11,1,False,1.331082820892334,-0.10725646065577546,425.1498867520735
63,['C3H5NO2'],reactant,11,2,False,1.9346877336502075,-0.6152175077886975,579.6823740077792
63,['C3H5NO2'],product,11,2,False,1.5003657341003418,-0.2493380158766577,911.8717560784734
64,['C3H5NO2'],reactant,11,2,False,1.9346877336502075,-0.6152175115441249,579.6823043069937
64,['C3H5NO2'],product,11,2,False,1.7735062837600708,-0.4238383234205645,805.9231658615948
65,['C3H5NO2'],reactant,11,2,False,1.9346877336502075,-0.6152175077886975,579.6823740077792
65,['C3H5NO2'],product,11,7,False,0.9096537232398987,-0.6352586378040672,2814.5558038389922
66,['C3H5NO2'],reactant,11,2,False,1.9346877336502075,-0.6152175115441249,579.6823043069937
66,['C3H5NO2'],product,11,5,False,2.2631278038024902,-1.7941805325264937,830.854545132751
67,['C3H5NO2'],reactant,11,2,False,1.9346877336502075,-0.6152175115441249,579.6823043069937
67,['C3H5NO2'],product,11,2,False,1.725461483001709,-0.436061048902656,12167.600502518457
68,['C3H5NO2'],reactant,11,2,False,1.9346877336502075,-0.6152175115441249,579.6823043069937
68,['C3H5NO2'],product,11,2,False,2.3651371002197266,-0.1939239415230617,6967.902512332767
69,['C3H5NO2'],reactant,11,2,False,1.9346877336502075,-0.6152175115441249,579.6823043069937
69,['C3H5NO2'],product,11,4,False,0.9284120798110962,-0.6295763389219121,6835.679437108227
70,['C3H5NO2'],reactant,11,2,False,1.9346877336502075,-0.6152175115441249,579.6823043069937
70,['C3H5NO2'],product,11,3,False,1.1433584690093994,-0.44333358559143765,1792.9599751293877
71,['C3H5NO2'],reactant,11,2,False,1.9346877336502075,-0.6152175077886975,579.6823740077792
71,['C3H5NO2'],product,11,2,False,1.3640151023864746,-0.6090655703071186,2783.945873474497
72,['C3H5NO2'],reactant,11,2,False,1.9346877336502075,-0.6152175115441249,579.6823043069937
72,['C3H5NO2'],product,11,1,False,1.7808760404586792,-0.09892422676407533,3242.522115299534
73,['C3H5NO2'],reactant,11,2,False,1.9346877336502075,-0.6152175077886975,579.6823740077792
73,['C3H5NO2'],product,11,3,False,0.6611138582229614,-0.6807703688401353,1029.6448931574025
74,['C3H5NO2'],reactant,11,2,False,1.9346877336502075,-0.6152175115441249,579.6823043069937
74,['C3H5NO2'],product,11,4,False,1.2245430946350098,-0.4685148720417751,2464.894401312604
75,['C3H5NO2'],reactant,11,2,False,2.2248809337615967,-0.23109671438652477,473.97229261475997
75,['C3H5NO2'],product,11,1,False,1.7985508441925049,-0.11584079449124642,3373.8184273221673
76,['C3H5NO2'],reactant,11,2,False,2.2248809337615967,-0.23109671438652477,473.97229261475997
76,['C3H5NO2'],product,11,1,False,1.9808857440948486,-0.28995085083273736,13125.304195818406
77,['C3H5NO2'],reactant,11,2,False,2.2248809337615967,-0.23109671438652477,473.97229261475997
77,['C3H5NO2'],product,11,2,False,1.0548707246780396,-0.14844737737452401,3500.7266097220167
78,['C3H5NO2'],reactant,11,2,False,2.2248809337615967,-0.23109671438652477,473.97229261475997
78,['C3H5NO2'],product,11,5,False,1.4821999073028564,-0.2807541328687127,16750.557304085705
79,['C3H5NO2'],reactant,11,1,False,2.0429604053497314,-0.19769914041632308,443.26405587657445
79,['C3H5NO2'],product,11,3,False,1.6268798112869263,-0.39509224919711416,1272.5166507602444
80,['C3H5NO2'],reactant,11,1,False,2.0429604053497314,-0.19769914041632308,443.26405587657445
80,['C3H5NO2'],product,11,1,False,1.884352445602417,-0.16618757352046487,613.587400956359
81,['C3H5NO2'],reactant,11,1,False,2.0429604053497314,-0.19769914041632308,443.26405587657445
81,['C3H5NO2'],product,11,2,False,1.9038383960723877,-0.15975053031337189,561.5211926913204
82,['C3H5NO2'],reactant,11,1,False,2.0429604053497314,-0.19769914041632308,443.26405587657445
82,['C3H5NO2'],product,11,1,False,1.5199179649353027,-0.11723373988116748,865.9603626141173
83,['C3H5NO2'],reactant,11,1,False,2.0429604053497314,-0.19769914041632308,443.26405587657445
83,['C3H5NO2'],product,11,1,False,1.089171290397644,-0.14114127094038842,798.5351454365859
84,['C3H5NO2'],reactant,11,1,False,2.0429604053497314,-0.19769914041632308,443.26405587657445
84,['C3H5NO2'],product,11,1,False,1.1615017652511597,-0.11847444013529927,6711.183187997489
85,['C3H5NO2'],reactant,11,1,False,2.0429604053497314,-0.19769914041632308,443.26405587657445
85,['C3H5NO2'],product,11,2,False,2.1224935054779053,-0.20341912336105122,12114.441823558676
86,['C3H5NO2'],reactant,11,1,False,2.0429604053497314,-0.19769914041632308,443.26405587657445
86,['C3H5NO2'],product,11,3,False,1.6025440692901611,-0.15265383109093736,5434.211630800014
87,['C3H5NO2'],reactant,11,1,False,2.0429604053497314,-0.19769914041632308,443.26405587657445
87,['C3H5NO2'],product,11,1,False,1.134048342704773,-0.027477611369703045,1784.3898639248994
88,['C3H5NO2'],reactant,11,1,False,2.0429604053497314,-0.19769914041632308,443.26405587657445
88,['C3H5NO2'],product,11,3,False,1.020774245262146,-0.37894508972159735,3759.8792405052127
89,['C3H5NO2'],reactant,11,2,False,1.3501896858215332,-0.6353409816905838,1613.699477213142
89,['C3H5NO2'],product,11,3,False,0.805729329586029,-0.5545877962065134,1198.3805483519895
90,['C3H5NO2'],reactant,11,2,False,1.3501896858215332,-0.6353409816905838,1613.699477213142
90,['C3H5NO2'],product,11,2,False,1.267374038696289,-0.6950179469307928,813.891223797047
91,['C3H5NO2'],reactant,11,2,False,1.3501896858215332,-0.6353409816905838,1613.699477213142
91,['C3H5NO2'],product,11,2,False,2.2344448566436768,-0.11005950428958727,1021.14872658582
92,['C3H5NO2'],reactant,11,2,False,1.3501896858215332,-0.6353409816905838,1613.699477213142
92,['C3H5NO2'],product,11,2,False,1.4044411182403564,-0.28807141255253166,1567.6223075234952
93,['C3H5NO2'],reactant,11,2,False,1.3501896858215332,-0.6353409816905838,1613.699477213142
93,['C3H5NO2'],product,11,5,False,1.0964878797531128,-0.4850929509547381,1777.470497597241
94,['C3H5NO2'],reactant,11,2,False,1.3501896858215332,-0.6353409816905838,1613.699477213142
94,['C3H5NO2'],product,11,1,False,0.8849647045135498,-0.013871848982584756,2956.841062464536
95,['C3H5NO2'],reactant,11,3,False,2.2582969665527344,-0.3186693213144028,2538.250849501221
95,['C3H5NO2'],product,11,3,False,1.446212649345398,-0.24220451529793152,15717.815081555798
96,['C3H5NO2'],reactant,11,3,False,2.2582969665527344,-0.3186693213144028,2538.250849501221
96,['C3H5NO2'],product,11,2,False,1.0416016578674316,-0.06744219654884272,2053.711313712336
97,['C3H5NO2'],reactant,11,3,False,2.2582969665527344,-0.3186693213144028,2538.250849501221
97,['C3H5NO2'],product,11,0,True,1.2472859621047974,0.3134488852506095,131.78405628098633
98,['C3H5NO2'],reactant,11,3,False,2.2582969665527344,-0.3186693213144028,2538.250849501221
98,['C3H5NO2'],product,11,1,False,1.915058970451355,-0.18070596937174727,3945.243892903439
99,['C3H5NO2'],reactant,11,3,False,2.258296251296997,-0.31866897056761695,2538.237606582834
99,['C3H5NO2'],product,11,3,False,1.6517280340194702,-0.23018316234242087,4615.408904687372
100,['C3H5NO2'],reactant,11,3,False,2.258296251296997,-0.31866897056761695,2538.237606582834
100,['C3H5NO2'],product,11,4,False,1.319064736366272,-0.20365002688197037,319863.74568622065
101,['C3H5NO2'],reactant,11,3,False,2.258296251296997,-0.31866897056761695,2538.237606582834
101,['C3H5NO2'],product,11,3,False,1.6631187200546265,-0.5967253155493657,937.6306472965157
102,['C3H5NO2'],reactant,11,3,False,2.2582969665527344,-0.3186693213144028,2538.250849501221
102,['C3H5NO2'],product,11,4,False,1.7868701219558716,-1.4211660196119345,2059.567005536737
103,['C3H5NO2'],reactant,11,3,False,2.258296251296997,-0.31866897056761695,2538.237606582834
103,['C3H5NO2'],product,11,2,False,1.210357427597046,-0.17339955423400538,7226.464742546124
104,['C3H5NO2'],reactant,11,2,False,1.6974291801452637,-0.2659009857188554,2583.6905674463806
104,['C3H5NO2'],product,11,2,False,1.481049656867981,-0.3258688907316445,6503.04585010453
105,['C3H5NO2'],reactant,11,2,False,1.6974284648895264,-0.2659007243449308,2583.6540592093643
105,['C3H5NO2'],product,11,2,False,1.159057378768921,-0.33747156324724975,1973.4257124585981
106,['C3H5NO2'],reactant,11,2,False,1.6974291801452637,-0.2659009857188554,2583.6905674463806
106,['C3H5NO2'],product,11,4,False,1.779198169708252,-1.3896277003611286,2203.9463836843847
107,['C3H5NO2'],reactant,11,2,False,1.6974291801452637,-0.2659009857188554,2583.6905674463806
107,['C3H5NO2'],product,11,3,False,1.4090303182601929,-0.4558622625954983,5285.435888971748
108,['C3H5NO2'],reactant,11,2,False,1.6974284648895264,-0.2659007243449308,2583.6540592093643
108,['C3H5NO2'],product,11,1,False,1.0343619585037231,-0.09553927054426678,1148.2728884625608
109,['C3H5NO2'],reactant,11,2,False,1.6974291801452637,-0.2659009857188554,2583.6905674463806
109,['C3H5NO2'],product,11,3,False,1.131124496459961,-0.3954743847793494,1020.0798878224849
110,['C3H5NO2'],reactant,11,2,False,2.532482147216797,-0.2943070362187173,1304.9099846879385
110,['C3H5NO2'],product,11,5,False,0.9774326682090759,-0.39745162523507593,2492.4697536981807
111,['C3H5NO2'],reactant,11,2,False,2.532482385635376,-0.2943071111467196,1304.9068281455372
111,['C3H5NO2'],product,11,2,False,1.8996375799179077,-0.33402908420783334,6177.034761858077
112,['C3H5NO2'],reactant,11,2,False,2.532482147216797,-0.2943070362187173,1304.9099846879385
112,['C3H5NO2'],product,11,2,False,1.0176358222961426,-0.22392955054860034,1454.6879955521076
113,['C3H5NO2'],reactant,11,2,False,2.532482385635376,-0.2943071111467196,1304.9068281455372
113,['C3H5NO2'],product,11,4,False,1.877888798713684,-0.3782631519447015,26370.95818581239
114,['C3H5NO2'],reactant,11,2,False,2.532482385635376,-0.2943071111467196,1304.9068281455372
114,['C3H5NO2'],product,11,1,False,1.7116869688034058,-0.021518562133294086,2339.924083188596
115,['C3H5NO2'],reactant,11,2,False,2.532482385635376,-0.2943071111467196,1304.9068281455372
115,['C3H5NO2'],product,11,2,False,1.3440207242965698,-0.05734022779652161,1235.5393813316257
116,['C3H5NO2'],reactant,11,2,False,2.532482147216797,-0.2943070362187173,1304.9099846879385
116,['C3H5NO2'],product,11,5,False,1.1064008474349976,-0.22129064649985258,18936.77059082503
117,['C3H5NO2'],reactant,11,2,False,2.532482385635376,-0.2943071111467196,1304.9068281455372
117,['C3H5NO2'],product,11,1,False,1.4866664409637451,-0.3141039553629861,3803.155562396539
118,['C3H5NO2'],reactant,11,2,False,2.532482147216797,-0.2943070362187173,1304.9099846879385
118,['C3H5NO2'],product,11,1,False,1.8158208131790161,-0.2936991701609706,2388.9565537139483
119,['C3H5NO2'],reactant,11,2,False,2.532482147216797,-0.2943070362187173,1304.9099846879385
119,['C3H5NO2'],product,11,2,False,1.349561095237732,-0.2693028943382811,5557.808591264442
120,['C3H5NO2'],reactant,11,3,False,0.749379575252533,-0.6989471401996761,3015.735768206358
120,['C3H5NO2'],product,11,5,False,1.000868558883667,-0.7867460398408888,2148.647231709202
121,['C3H5NO2'],reactant,11,3,False,0.749379575252533,-0.6989471401996761,3015.735768206358
121,['C3H5NO2'],product,11,4,False,0.763597846031189,-0.6987833936860591,5792.2038952903795
122,['C3H5NO2'],reactant,11,3,False,0.749379575252533,-0.6989471401996761,3015.735768206358
122,['C3H5NO2'],product,11,5,False,0.9860639572143555,-0.4469299609876321,6025.612525417704
123,['C3H5NO2'],reactant,11,3,False,0.749379575252533,-0.6989471401996761,3015.735768206358
123,['C3H5NO2'],product,11,3,False,1.056128740310669,-0.5330891637413103,35803.91279320629
124,['C3H5NO2'],reactant,11,3,False,0.749379575252533,-0.6989471401996761,3015.735768206358
124,['C3H5NO2'],product,11,3,False,1.170513391494751,-0.6947452683417655,7042.375048436627
125,['C3H5NO2'],reactant,11,3,False,0.749379575252533,-0.6989471401996761,3015.735768206358
125,['C3H5NO2'],product,11,2,False,1.3470020294189453,-0.6465874834370324,1661.7092685781895
126,['C3H5NO2'],reactant,11,3,False,0.749379575252533,-0.6989471401996761,3015.735768206358
126,['C3H5NO2'],product,11,2,False,1.5862553119659424,-0.6316589475078642,2180.138456225846
127,['C3H5NO2'],reactant,11,3,False,0.7493801116943359,-0.6989472413248082,3015.7363918872834
127,['C3H5NO2'],product,11,3,False,0.3633788526058197,-0.7422426233534225,5229.747021433838
128,['C3H5NO2'],reactant,11,3,False,0.749379575252533,-0.6989471401996761,3015.735768206358
128,['C3H5NO2'],product,11,4,False,0.7108306884765625,-0.5186386817818633,11920.562153561596
129,['C3H5NO2'],reactant,11,1,False,2.2400643825531006,-0.2994516657185303,1440.114372732178
129,['C3H5NO2'],product,11,1,False,1.4671111106872559,-0.20743841892728898,3850.0717086697605
130,['C3H5NO2'],reactant,11,1,False,2.240065574645996,-0.29945198843174053,1440.1120265718237
130,['C3H5NO2'],product,11,2,False,1.4836211204528809,-0.32522109266393523,12524.145393157138
131,['C3H5NO2'],reactant,11,1,False,2.240065574645996,-0.29945198843174053,1440.1120265718237
131,['C3H5NO2'],product,11,4,False,1.6425319910049438,-0.44109548121847353,8582.72102852231
132,['C3H5NO2'],reactant,11,1,False,2.240065574645996,-0.29945198843174053,1440.1120265718237
132,['C3H5NO2'],product,11,0,True,1.9284610748291016,0.04410976619338474,970.8896904672031
133,['C3H5NO2'],reactant,11,1,False,2.2400643825531006,-0.2994516657185303,1440.114372732178
133,['C3H5NO2'],product,11,1,False,2.120377540588379,-0.40376342837933166,84550.56900044256
134,['C3H5NO2'],reactant,11,1,False,2.240065574645996,-0.29945198843174053,1440.1120265718237
134,['C3H5NO2'],product,11,7,False,1.020632028579712,-0.18969826962755987,7078.679265796549
135,['C3H5NO2'],reactant,11,1,False,1.8221319913864136,-0.0903951480182232,475.1966248530157
135,['C3H5NO2'],product,11,4,False,0.7550243735313416,-0.12802804863298212,2226.045356255606
136,['C3H5NO2'],reactant,11,1,False,1.8221319913864136,-0.0903951480182232,475.1966248530157
136,['C3H5NO2'],product,11,1,False,1.8812808990478516,-0.1599588436330254,1078.4403626070646
137,['C3H5NO2'],reactant,11,1,False,1.8221319913864136,-0.0903951480182232,475.1966248530157
137,['C3H5NO2'],product,11,2,False,1.669714093208313,-0.09697014518747099,7832.165253446014
138,['C3H5NO2'],reactant,11,1,False,1.8221319913864136,-0.0903951480182232,475.1966248530157
138,['C3H5NO2'],product,11,3,False,1.607243299484253,-0.08525016312444798,21466.16299788012
139,['C3H5NO2'],reactant,11,1,False,1.8221319913864136,-0.0903951480182232,475.1966248530157
139,['C3H5NO2'],product,11,1,False,1.2620785236358643,-0.05349095210898218,776.2138361128242
140,['C3H5NO2'],reactant,11,1,False,1.8221319913864136,-0.0903951480182232,475.1966248530157
140,['C3H5NO2'],product,11,1,False,1.0756539106369019,-0.007122175848537768,6901.350049851251
141,['C3H5NO2'],reactant,11,1,False,1.8221319913864136,-0.0903951480182232,475.1966248530157
141,['C3H5NO2'],product,11,4,False,0.5136595964431763,-0.06635379729609042,3176.90943605903
142,['C3H5NO2'],reactant,11,1,False,1.8221319913864136,-0.0903951480182232,475.1966248530157
142,['C3H5NO2'],product,11,4,False,1.3338923454284668,-0.2034509029315306,18607.640625158194
143,['C3H5NO2'],reactant,11,1,False,1.8221319913864136,-0.0903951480182232,475.1966248530157
143,['C3H5NO2'],product,11,1,False,1.0437188148498535,-0.4480498541162207,244.80824965151137
144,['C3H5NO2'],reactant,11,1,False,1.8221319913864136,-0.0903951480182232,475.1966248530157
144,['C3H5NO2'],product,11,4,False,0.9043872356414795,-0.5607271258283053,2008.5570503134386
145,['C3H5NO2'],reactant,11,1,False,1.8221319913864136,-0.0903951480182232,475.1966248530157
145,['C3H5NO2'],product,11,1,False,0.8704507946968079,-0.34094087922492894,249.3671034416784
146,['C3H5NO2'],reactant,11,1,False,1.8221319913864136,-0.0903951480182232,475.1966248530157
146,['C3H5NO2'],product,11,3,False,1.7842780351638794,-0.37925749741044334,3659.9059199698777
147,['C3H5NO2'],reactant,11,1,False,1.8221319913864136,-0.0903951480182232,475.1966248530157
147,['C3H5NO2'],product,11,1,False,1.854894995689392,-0.03889242952763768,1062.515918215075
148,['C3H5NO2'],reactant,11,1,False,1.8221319913864136,-0.0903951480182232,475.1966248530157
148,['C3H5NO2'],product,11,1,False,1.884508490562439,-0.01940177449773172,2206.7319680877104
149,['C3H5NO2'],reactant,11,1,False,1.8221319913864136,-0.0903951480182232,475.1966248530157
149,['C3H5NO2'],product,11,0,True,0.7879011631011963,0.061490396368982216,799.3389098926727
150,['C3H5NO2'],reactant,11,1,False,1.8221319913864136,-0.0903951480182232,475.1966248530157
150,['C3H5NO2'],product,11,1,False,1.630905270576477,-0.11755503855984634,751.6854256176475
151,['C3H5NO2'],reactant,11,1,False,1.2643285989761353,-0.053898220202018454,771.6448072516758
151,['C3H5NO2'],product,11,2,False,1.3462868928909302,-0.0627776760953779,1130.9123956649437
152,['C3H5NO2'],reactant,11,1,False,1.2643288373947144,-0.05389817368050486,771.6454740600999
152,['C3H5NO2'],product,11,2,False,1.0559953451156616,-0.6029102470619002,10134.12822761374
153,['C3H5NO2'],reactant,11,1,False,1.2643288373947144,-0.05389817368050486,771.6454740600999
153,['C3H5NO2'],product,11,2,False,1.076643466949463,-0.05119252954133236,6419.532770308533
154,['C3H5NO2'],reactant,11,1,False,1.2643288373947144,-0.05389817368050486,771.6454740600999
154,['C3H5NO2'],product,11,6,False,1.419552206993103,-0.19487016981159788,19569.01388394089
155,['C3H5NO2'],reactant,11,3,False,2.301870584487915,-0.33135129250780915,2918.3320886380993
155,['C3H5NO2'],product,11,2,False,2.063560962677002,-0.41985567190622125,1293.2974915480033
156,['C3H5NO2'],reactant,11,3,False,2.301870107650757,-0.3313514709517552,2918.30030444453
156,['C3H5NO2'],product,11,2,False,1.6340184211730957,-0.3053607302828752,602.2488881299363
157,['C3H5NO2'],reactant,11,2,False,1.481109619140625,-0.16350043430741348,913.3828408064528
157,['C3H5NO2'],product,11,3,False,0.6530535817146301,-0.1063210360786096,4298.62797677315
158,['C3H5NO2'],reactant,11,2,False,1.481109619140625,-0.16350043430741348,913.3828408064528
158,['C3H5NO2'],product,11,2,False,1.4588959217071533,-0.22981432894040615,3487.2811425080945
159,['C3H5NO2'],reactant,11,2,False,1.481109619140625,-0.16350043430741348,913.3828408064528
159,['C3H5NO2'],product,11,1,False,1.422372579574585,-0.07234545115072273,1296.8070096820773
160,['C3H5NO2'],reactant,11,2,False,1.481109619140625,-0.16350043430741348,913.3828408064528
160,['C3H5NO2'],product,11,2,False,1.3552289009094238,-0.158457476157747,2817.4793380238707
161,['C3H5NO2'],reactant,11,2,False,1.481109619140625,-0.16350043430741348,913.3828408064528
161,['C3H5NO2'],product,11,3,False,1.5104622840881348,-0.5109816619027646,754.9078056696063
162,['C3H5NO2'],reactant,11,2,False,1.481109619140625,-0.16350043430741348,913.3828408064528
162,['C3H5NO2'],product,11,2,False,0.7937225103378296,-0.4005014494959031,858.9512902965671
163,['C3H5NO2'],reactant,11,2,False,1.481109619140625,-0.16350043430741348,913.3828408064528
163,['C3H5NO2'],product,11,3,False,1.8313790559768677,-0.167653518792811,8318.092352285363
164,['C3H5NO2'],reactant,11,2,False,1.481109619140625,-0.16350043430741348,913.3828408064528
164,['C3H5NO2'],product,11,1,False,1.473015546798706,-0.0024181766615722425,17807.082239890035
165,['C3H5NO2'],reactant,11,2,False,1.481109619140625,-0.16350043430741348,913.3828408064528
165,['C3H5NO2'],product,11,2,False,0.8439522385597229,-0.43001307041740017,24943.08500464704
166,['C3H5NO2'],reactant,11,2,False,1.481109619140625,-0.16350043430741348,913.3828408064528
166,['C3H5NO2'],product,11,3,False,0.7137346863746643,-0.3898153691197898,4168.498334785031
167,['C3H5NO2'],reactant,11,2,False,1.481109619140625,-0.16350043430741348,913.3828408064528
167,['C3H5NO2'],product,11,1,False,0.852395236492157,-0.537138269006564,279.49629883617934
168,['C3H5NO2'],reactant,11,2,False,1.206709384918213,-0.7179162757144526,876.518385981152
168,['C3H5NO2'],product,11,4,False,1.159642219543457,-1.2504858912537888,11669.20642656505
169,['C3H5NO2'],reactant,11,3,False,1.601064682006836,-0.21297673812183426,13650.094945540848
169,['C3H5NO2'],product,11,6,False,0.7944494485855103,-0.16540948943831169,23777.37443405788
170,['C3H5NO2'],reactant,11,3,False,1.601064682006836,-0.21297673812183426,13650.094945540848
170,['C3H5NO2'],product,11,1,False,1.0449904203414917,-0.03137031723224324,1064.6270116210017
171,['C3H5NO2'],reactant,11,3,False,1.6010645627975464,-0.21297672821419295,13650.219071338099
171,['C3H5NO2'],product,11,2,False,1.2697213888168335,-0.10239419072136785,513.5235677132115
172,['C3H5NO2'],reactant,11,2,False,2.2248799800872803,-0.23109680515882244,473.9725665384016
172,['C3H5NO2'],product,11,2,False,1.8929864168167114,-0.041864534334068754,14676.597820578285
173,['C3H5NO2'],reactant,11,2,False,2.2248799800872803,-0.23109680515882244,473.9725665384016
173,['C3H5NO2'],product,11,2,False,1.3167604207992554,-0.23364670573678176,1452.6772300457687
174,['C3H5NO2'],reactant,11,2,False,1.35019052028656,-0.6353408229210445,1613.7039455712156
174,['C3H5NO2'],product,11,5,False,1.0338536500930786,-0.5427002109564503,1166.958948506915
175,['C3H5NO2'],reactant,11,2,False,1.35019052028656,-0.6353408229210445,1613.7039455712156
175,['C3H5NO2'],product,11,4,False,1.8712120056152344,-0.22237917641480426,176585.81518155936
176,['C3H5NO2'],reactant,11,2,False,2.532482147216797,-0.2943070362187173,1304.9099846879385
176,['C3H5NO2'],product,11,2,False,1.7663638591766357,-0.3241726472245392,800.2031926191911
177,['C3H5NO2'],reactant,11,3,False,0.749379575252533,-0.6989471401996761,3015.735768206358
177,['C3H5NO2'],product,11,3,False,1.1057292222976685,-0.5249351852824421,23339.142996582155
178,['C3H8N2O'],reactant,14,1,False,1.350726842880249,-0.02112840667882296,2015.7542622207613
178,['C3H8N2O'],product,14,1,False,1.4236810207366943,-0.06955601939554332,1112.6077323577806
179,['C3H8N2O'],reactant,14,1,False,1.3507261276245117,-0.021127796741879718,2015.8124715439162
179,['C3H8N2O'],product,14,1,False,1.0102888345718384,-0.005310716746769344,9210.62749888281
180,['C3H8N2O'],reactant,14,1,False,1.3507261276245117,-0.021127796741879718,2015.8124715439162
180,['C3H8N2O'],product,14,6,False,0.5959611535072327,-0.16413320743073057,33808.49323628589
181,['C3H8N2O'],reactant,14,1,False,1.350726842880249,-0.02112840667882296,2015.7542622207613
181,['C3H8N2O'],product,14,1,False,0.9588989615440369,-0.03207096318812352,1943.6782724349055
182,['C3H8N2O'],reactant,14,1,False,1.3943713903427124,-0.08140520911403383,727.802825578356
182,['C3H8N2O'],product,14,5,False,0.5575095415115356,-0.4783003859793828,3511.2111915765713
183,['C3H8N2O'],reactant,14,1,False,1.3943713903427124,-0.08140520911403383,727.802825578356
183,['C3H8N2O'],product,14,1,False,1.4711896181106567,-0.12078459432667424,368.2125046119482
184,['C3H8N2O'],reactant,14,1,False,1.3943713903427124,-0.08140520911403383,727.802825578356
184,['C3H8N2O'],product,14,5,False,0.5368164777755737,-0.12231719625372645,9535.51611141563
185,['C3H8N2O'],reactant,14,1,False,1.3943713903427124,-0.08140520911403383,727.802825578356
185,['C3H8N2O'],product,14,1,False,0.9534557461738586,-0.04196537737345902,1849.0660168200538
186,['C3HNO2'],reactant,7,1,False,2.1348607540130615,-0.2716692769127621,5268.798162354726
186,['C3HNO2'],product,7,1,False,1.7318886518478394,-0.07949264082634455,4369.4715759212395
187,['C3HNO2'],reactant,7,1,False,2.1348607540130615,-0.2716692769127621,5268.798162354726
187,['C3HNO2'],product,7,1,False,3.068654775619507,-0.2955653595686947,619.1793563309357
188,['C3HNO2'],reactant,7,1,False,2.1348607540130615,-0.2716692769127621,5268.798162354726
188,['C3HNO2'],product,7,1,False,1.2332614660263062,-0.006089926852507468,7002.852259895673
189,['C3HNO2'],reactant,7,1,False,2.1348607540130615,-0.2716692769127621,5268.798162354726
189,['C3HNO2'],product,7,2,False,1.8320742845535278,-0.18873203736798716,3610.709924381284
190,['C5H5NO'],reactant,12,0,True,0.6194518208503723,0.02220419460169492,1553.0072435632076
190,['C5H5NO'],product,12,2,False,1.0410665273666382,-0.07569732889994456,1143.4700422343346
191,['C5H5NO'],reactant,12,0,True,0.6194518208503723,0.02220417260484018,1553.0087766854342
191,['C5H5NO'],product,12,2,False,0.9699623584747314,-0.2064787318945066,21241.801408674422
192,['C5H5NO'],reactant,12,3,False,1.0664061307907104,-0.04453192068788957,2182.1833583633165
192,['C5H5NO'],product,12,2,False,1.3559684753417969,-0.0989513338144948,4141.715602703119
193,['C5H5NO'],reactant,12,3,False,1.0664061307907104,-0.04453192068788957,2182.1833583633165
193,['C5H5NO'],product,12,3,False,1.7547017335891724,-0.15603937768960055,2053.162097670315
194,['C5H5NO'],reactant,12,3,False,1.0664061307907104,-0.04453191200660886,2182.1808311174486
194,['C5H5NO'],product,12,3,False,1.0369685888290405,-0.2179632364102624,12789.793297234955
195,['C5H5NO'],reactant,12,3,False,1.0664061307907104,-0.04453192068788957,2182.1833583633165
195,['C5H5NO'],product,12,4,False,0.6568511724472046,-0.2596627002182641,13190.866151375578
196,['C5H5NO'],reactant,12,3,False,1.0664061307907104,-0.04453191200660886,2182.1808311174486
196,['C5H5NO'],product,12,0,True,0.6533328294754028,0.0073408486618192804,5402.989256370959
197,['C5H5NO'],reactant,12,3,False,1.0664061307907104,-0.04453191200660886,2182.1808311174486
197,['C5H5NO'],product,12,3,False,1.1289905309677124,-0.033650046959491774,8666.157344929632
198,['C5H5NO'],reactant,12,3,False,1.0664061307907104,-0.04453192068788957,2182.1833583633165
198,['C5H5NO'],product,12,2,False,0.7496371269226074,-0.104035683105565,718.6952539940766
199,['C5H5NO'],reactant,12,3,False,1.0664061307907104,-0.04453192068788957,2182.1833583633165
199,['C5H5NO'],product,12,3,False,1.062927007675171,-0.09534944183085448,14518.120528164645
200,['C5H5NO'],reactant,12,3,False,1.0664061307907104,-0.04453192068788957,2182.1833583633165
200,['C5H5NO'],product,12,1,False,0.8929210305213928,-0.051682981447484296,775.6983144176535
201,['C5H5NO'],reactant,12,3,False,1.0664061307907104,-0.04453192068788957,2182.1833583633165
201,['C5H5NO'],product,12,3,False,1.0410047769546509,-0.4493821110508571,1830.958169491899
202,['C5H5NO'],reactant,12,3,False,1.0664061307907104,-0.04453192068788957,2182.1833583633165
202,['C5H5NO'],product,12,1,False,1.022924542427063,-0.03446415501593252,1163.426432530185
203,['C5H5NO'],reactant,12,1,False,1.068356990814209,-0.14404545095365132,272.94459929933794
203,['C5H5NO'],product,12,1,False,1.4026823043823242,-0.13852896077541396,926.1035945638505
204,['C5H5NO'],reactant,12,1,False,1.0683563947677612,-0.14404545011316658,272.94468523237254
204,['C5H5NO'],product,12,1,False,1.0105115175247192,-0.16103224348657397,2122.0347701810288
205,['C5H5NO'],reactant,12,1,False,1.0683563947677612,-0.14404545011316658,272.94468523237254
205,['C5H5NO'],product,12,1,False,1.0506585836410522,-0.041598190092997055,3687.815043941018
206,['C5H5NO'],reactant,12,1,False,1.0683563947677612,-0.14404545011316658,272.94468523237254
206,['C5H5NO'],product,12,1,False,1.2096235752105713,-0.11186248384028699,359.7377341721894
207,['C5H5NO'],reactant,12,2,False,0.5661722421646118,-0.43635256246545334,3061.673766411353
207,['C5H5NO'],product,12,2,False,0.9076566100120544,-0.49284918919607185,976.1060029755633
208,['C5H5NO'],reactant,12,2,False,0.5661723017692566,-0.43635241362638355,3061.6902193884885
208,['C5H5NO'],product,12,2,False,0.8747737407684326,-0.5144247776239017,19876.345103130323
209,['C5H5NO'],reactant,12,2,False,0.5661722421646118,-0.43635256246545334,3061.673766411353
209,['C5H5NO'],product,12,5,False,0.44754448533058167,-0.45253575515497185,27875.356480676153
210,['C5H5NO'],reactant,12,2,False,0.5661722421646118,-0.43635256246545334,3061.673766411353
210,['C5H5NO'],product,12,5,False,0.6107017993927002,-0.4214544747842759,71598.77772926955
211,['C5H5NO'],reactant,12,2,False,0.5661723017692566,-0.43635241362638355,3061.6902193884885
211,['C5H5NO'],product,12,3,False,0.9617319703102112,-0.22872049613715123,53014.50336846331
212,['C5H5NO'],reactant,12,2,False,0.5661722421646118,-0.43635256246545334,3061.673766411353
212,['C5H5NO'],product,12,0,True,0.6940793991088867,0.0048997153975179125,7163.42909788346
213,['C5H5NO'],reactant,12,2,False,0.5661723017692566,-0.43635241362638355,3061.6902193884885
213,['C5H5NO'],product,12,3,False,1.281678318977356,-0.43626703889807883,32965.76351211458
214,['C5H5NO'],reactant,12,2,False,0.5661723017692566,-0.43635241362638355,3061.6902193884885
214,['C5H5NO'],product,12,2,False,0.7552626729011536,-0.6797474376189618,1625.8548313676595
215,['C5H5NO'],reactant,12,2,False,0.5661723017692566,-0.43635241362638355,3061.6902193884885
215,['C5H5NO'],product,12,2,False,0.8599405884742737,-0.4663768917050743,1926.7808922311153
216,['C5H5NO'],reactant,12,2,False,0.5661722421646118,-0.43635256246545334,3061.673766411353
216,['C5H5NO'],product,12,5,False,0.4116068184375763,-0.5320649451944957,21922.647315787737
217,['C5H5NO'],reactant,12,2,False,0.5661723017692566,-0.43635241362638355,3061.6902193884885
217,['C5H5NO'],product,12,3,False,0.9017606377601624,-0.25243653800058136,13991.378703913153
218,['C5H5NO'],reactant,12,2,False,0.5661723017692566,-0.43635241362638355,3061.6902193884885
218,['C5H5NO'],product,12,2,False,0.5623896718025208,-0.28951536490583957,2619.6709206148385
219,['C5H5NO'],reactant,12,1,False,1.1070774793624878,-0.14393772792865414,625.0444690892492
219,['C5H5NO'],product,12,1,False,1.3503341674804688,-0.13420026608160884,251.46063910471494
220,['C5H5NO'],reactant,12,1,False,1.1070774793624878,-0.14393772792865414,625.0444690892492
220,['C5H5NO'],product,12,2,False,0.7773606777191162,-0.06869382096122799,551.450159367477
221,['C5H5NO'],reactant,12,1,False,1.1070774793624878,-0.14393768793362519,625.044466674532
221,['C5H5NO'],product,12,0,True,0.5393198728561401,0.001092654368800412,45331.627951172995
222,['C5H5NO'],reactant,12,1,False,1.1070774793624878,-0.14393772792865414,625.0444690892492
222,['C5H5NO'],product,12,2,False,0.8258538842201233,-0.09663798219407596,5269.791961627824
223,['C5H5NO'],reactant,12,1,False,1.1070774793624878,-0.14393768793362519,625.044466674532
223,['C5H5NO'],product,12,1,False,1.3863234519958496,-0.10171241990115577,45471.34873439341
224,['C5H5NO'],reactant,12,1,False,1.1070774793624878,-0.14393768793362519,625.044466674532
224,['C5H5NO'],product,12,2,False,0.8697574138641357,-0.00827265859615535,6309.358590031012
225,['C5H5NO'],reactant,12,0,True,0.848619282245636,0.02841055943500431,1197.252968107162
225,['C5H5NO'],product,12,0,True,1.1847330331802368,0.20276652860759978,167.83118714031326
226,['C5H5NO'],reactant,12,0,True,0.8486192226409912,0.028410563730038335,1197.2527877234027
226,['C5H5NO'],product,12,0,True,0.7617452144622803,0.03886156938439801,885.9938772483414
227,['C5H5NO'],reactant,12,0,True,0.8486192226409912,0.028410563730038335,1197.2527877234027
227,['C5H5NO'],product,12,0,True,0.48284605145454407,0.011660168857496935,2899.9292779098555
228,['C5H5NO'],reactant,12,0,True,0.8486192226409912,0.028410563730038335,1197.2527877234027
228,['C5H5NO'],product,12,1,False,0.9187856316566467,-0.22752119564081108,6710.959640951348
229,['C5H5NO'],reactant,12,0,True,0.964759886264801,1.0403653260647916,32.53338249254885
229,['C5H5NO'],product,12,0,True,0.802971601486206,0.10847018418985088,363.09405808604674
230,['C5H5NO'],reactant,12,0,True,0.9647601246833801,1.040365339307372,32.533382075387244
230,['C5H5NO'],product,12,2,False,1.1349848508834839,-0.17215499096891415,959.9976999115548
231,['C5H5NO'],reactant,12,0,True,0.9647601246833801,1.040365339307372,32.533382075387244
231,['C5H5NO'],product,12,1,False,1.0454504489898682,-0.24546152817181763,1788.2914056203717
232,['C5H5NO'],reactant,12,0,True,0.964759886264801,1.0403653260647916,32.53338249254885
232,['C5H5NO'],product,12,0,True,0.8556087613105774,0.17892914829127982,192.73320739212383
233,['C5H5NO'],reactant,12,1,False,1.0238958597183228,-0.23553060157381936,3326.6761671500526
233,['C5H5NO'],product,12,1,False,1.1342531442642212,-0.4374433682784533,1895.7506341759595
234,['C5H5NO'],reactant,12,1,False,1.0238958597183228,-0.23553060157381936,3326.6761671500526
234,['C5H5NO'],product,12,2,False,1.320877194404602,-0.7380432536982712,5114.015122211449
235,['C5H5NO'],reactant,12,1,False,1.0238958597183228,-0.23553060158121517,3326.675960673798
235,['C5H5NO'],product,12,1,False,0.7882954478263855,-0.006017339683630664,5646.4673234633865
236,['C5H5NO'],reactant,12,1,False,1.0238958597183228,-0.23553060157381936,3326.6761671500526
236,['C5H5NO'],product,12,2,False,0.5013797879219055,-0.07203115259836818,2741.257422179669
237,['C5H5NO'],reactant,12,1,False,1.0238958597183228,-0.23553060157381936,3326.6761671500526
237,['C5H5NO'],product,12,1,False,0.3869973421096802,-0.003836821655877451,12658.134180443894
238,['C5H5NO'],reactant,12,1,False,1.0238958597183228,-0.23553060158121517,3326.675960673798
238,['C5H5NO'],product,12,0,True,0.7474032044410706,0.002217712299901888,15632.369315466465
239,['C5H5NO'],reactant,12,1,False,1.0238958597183228,-0.23553060158121517,3326.675960673798
239,['C5H5NO'],product,12,2,False,1.3967095613479614,-0.0704045664043721,4603.580816796455
240,['C5H5NO'],reactant,12,1,False,1.0238958597183228,-0.23553060157381936,3326.6761671500526
240,['C5H5NO'],product,12,2,False,0.8533031940460205,-0.19310248493922694,1244.5728657539908
241,['C5H5NO'],reactant,12,1,False,1.0238958597183228,-0.23553060157381936,3326.6761671500526
241,['C5H5NO'],product,12,2,False,1.3729177713394165,-0.021250379480130366,7144.05713123846
242,['C5H5NO'],reactant,12,1,False,1.0238958597183228,-0.23553060157381936,3326.6761671500526
242,['C5H5NO'],product,12,2,False,1.2709174156188965,-0.7714133670833171,3392.867122653869
243,['C5H5NO'],reactant,12,1,False,1.0238958597183228,-0.23553060157381936,3326.6761671500526
243,['C5H5NO'],product,12,1,False,1.2412445545196533,-0.06772620752502236,613.0195722011
244,['C5H5NO'],reactant,12,1,False,1.0238958597183228,-0.23553060157381936,3326.6761671500526
244,['C5H5NO'],product,12,3,False,0.8544034361839294,-0.12751951340865808,173631.8354746479
245,['C5H5NO'],reactant,12,1,False,1.0238958597183228,-0.23553060157381936,3326.6761671500526
245,['C5H5NO'],product,12,2,False,0.8427302837371826,-0.018597093104045233,25785.818712367007
246,['C5H5NO'],reactant,12,1,False,1.0238958597183228,-0.23553060157381936,3326.6761671500526
246,['C5H5NO'],product,12,2,False,1.0924711227416992,-0.20428762524481672,11626.150926202621
247,['C5H5NO'],reactant,12,1,False,1.0238958597183228,-0.23553060158121517,3326.675960673798
247,['C5H5NO'],product,12,3,False,0.6828311085700989,-0.19679579181149542,32076.589742012093
248,['C5H5NO'],reactant,12,1,False,1.0238958597183228,-0.23553060158121517,3326.675960673798
248,['C5H5NO'],product,12,1,False,0.5724096298217773,-0.020147908177764042,1720.2683692745331
249,['C5H5NO'],reactant,12,1,False,1.0238958597183228,-0.23553060158121517,3326.675960673798
249,['C5H5NO'],product,12,0,True,0.8736612200737,0.0032290686562852686,10600.350453015795
250,['C5H5NO'],reactant,12,1,False,1.0238958597183228,-0.23553060158121517,3326.675960673798
250,['C5H5NO'],product,12,1,False,1.7542158365249634,-0.328752097032575,9311.488874456822
251,['C5H5NO'],reactant,12,1,False,1.0238958597183228,-0.23553060157381936,3326.6761671500526
251,['C5H5NO'],product,12,1,False,1.251456379890442,-0.35301194164544397,1786.592592792124
252,['C5H5NO'],reactant,12,1,False,1.0238958597183228,-0.23553060158121517,3326.675960673798
252,['C5H5NO'],product,12,2,False,0.8901519775390625,-0.24589838548272086,1898.9126148132607
253,['C5H5NO'],reactant,12,1,False,1.0238958597183228,-0.23553060157381936,3326.6761671500526
253,['C5H5NO'],product,12,0,True,1.3223358392715454,0.0250010463545997,1383.9584440987182
254,['C5H5NO'],reactant,12,1,False,1.0238958597183228,-0.23553060157381936,3326.6761671500526
254,['C5H5NO'],product,12,2,False,0.938215970993042,-0.18622325665761094,13343.253662166157
255,['C5H5NO'],reactant,12,1,False,1.0238958597183228,-0.23553060158121517,3326.675960673798
255,['C5H5NO'],product,12,2,False,1.151515245437622,-0.0018816421580154844,93498.94276483846
256,['C5H5NO'],reactant,12,1,False,1.0238958597183228,-0.23553060158121517,3326.675960673798
256,['C5H5NO'],product,12,1,False,1.7183009386062622,-0.2298324745674332,4564.684628395235
257,['C5H5NO'],reactant,12,1,False,1.0238958597183228,-0.23553060158121517,3326.675960673798
257,['C5H5NO'],product,12,2,False,1.3106862306594849,-0.0054821714674778066,75088.42620443442
258,['C5H5NO'],reactant,12,1,False,1.0238958597183228,-0.23553060158121517,3326.675960673798
258,['C5H5NO'],product,12,1,False,1.2566801309585571,-0.23882164526796695,665.1381292581038
259,['C5H5NO'],reactant,12,0,True,0.6194518208503723,0.02220417260484018,1553.0087766854342
259,['C5H5NO'],product,12,0,True,0.8459360599517822,0.604479144991294,69.56184392430632
260,['C5H5NO'],reactant,12,0,True,0.6194518208503723,0.02220417260484018,1553.0087766854342
260,['C5H5NO'],product,12,0,True,0.434592604637146,0.048859058250202175,683.0469087127111
261,['C5H5NO'],reactant,12,0,True,0.6194518208503723,0.02220417260484018,1553.0087766854342
261,['C5H5NO'],product,12,0,True,1.526199460029602,0.011827480021612225,2837.113646291222
262,['C5H5NO'],reactant,12,0,True,0.6194518208503723,0.02220419460169492,1553.0072435632076
262,['C5H5NO'],product,12,0,True,0.974712073802948,0.07361092619590529,468.706512045884
263,['C5H5NO'],reactant,12,0,True,0.6194518208503723,0.02220417260484018,1553.0087766854342
263,['C5H5NO'],product,12,0,True,0.5550574660301208,0.00033142464882674784,104632.56600612302
264,['C5H5NO'],reactant,12,0,True,0.6194518208503723,0.02220417260484018,1553.0087766854342
264,['C5H5NO'],product,12,1,False,0.5990596413612366,-0.45333937588500917,2432.753785889858
265,['C5H5NO'],reactant,12,0,True,0.6194518208503723,0.02220419460169492,1553.0072435632076
265,['C5H5NO'],product,12,2,False,0.7977983951568604,-0.5394650804858226,3238.531410259089
266,['C5H5NO'],reactant,12,0,True,0.6194518208503723,0.02220419460169492,1553.0072435632076
266,['C5H5NO'],product,12,1,False,0.7201492786407471,-1.6306937885369268,2893.281367712551
267,['C5H5NO'],reactant,12,0,True,0.6194518208503723,0.02220419460169492,1553.0072435632076
267,['C5H5NO'],product,12,0,True,0.3882572650909424,0.03752944858698299,895.4361834399584
268,['C5H5NO'],reactant,12,0,True,0.6194518208503723,0.02220417260484018,1553.0087766854342
268,['C5H5NO'],product,12,1,False,0.6324077248573303,-0.0017256397647519256,19583.439136455763
269,['C5H5NO'],reactant,12,0,True,0.6194518208503723,0.02220419460169492,1553.0072435632076
269,['C5H5NO'],product,12,1,False,0.5359832644462585,-0.0023339464187604837,14204.57825868407
270,['C5H5NO'],reactant,12,0,True,0.6194518208503723,0.02220419460169492,1553.0072435632076
270,['C5H5NO'],product,12,3,False,1.1621358394622803,-0.19060069535408963,3871.3557039783213
271,['C5H5NO'],reactant,12,0,True,0.6194518208503723,0.02220419460169492,1553.0072435632076
271,['C5H5NO'],product,12,0,True,1.2191075086593628,0.002440654191801621,13971.318156982265
272,['C5H5NO'],reactant,12,0,True,0.6194518208503723,0.02220417260484018,1553.0087766854342
272,['C5H5NO'],product,12,3,False,0.8171845078468323,-0.259404396957606,1022.3854123873409
273,['C5H5NO'],reactant,12,2,False,0.6023637652397156,-0.5723873202373867,6538.443480107763
273,['C5H5NO'],product,12,0,True,1.3663935661315918,0.01074805650025909,4174.672671728355
274,['C5H5NO'],reactant,12,2,False,0.602363646030426,-0.5723890576177367,6538.47371097051
274,['C5H5NO'],product,12,3,False,0.9401805996894836,-0.5172493816360572,1427.8013629512689
275,['C5H5NO'],reactant,12,2,False,0.6023637652397156,-0.5723873202373867,6538.443480107763
275,['C5H5NO'],product,12,3,False,1.1647511720657349,-0.21667657465805967,2419.56236274142
276,['C5H5NO'],reactant,12,2,False,0.602363646030426,-0.5723890576177367,6538.47371097051
276,['C5H5NO'],product,12,4,False,0.6934078335762024,-0.2023090265384667,4815.9404304768195
277,['C5H5NO'],reactant,12,2,False,0.602363646030426,-0.5723890576177367,6538.47371097051
277,['C5H5NO'],product,12,2,False,0.6157435178756714,-0.10548621981677844,7957.451681176882
278,['C5H5NO'],reactant,12,2,False,0.602363646030426,-0.5723890576177367,6538.47371097051
278,['C5H5NO'],product,12,1,False,0.7917337417602539,-0.12079086925086814,509.75510144683204
279,['C5H5NO'],reactant,12,1,False,0.45157670974731445,-0.4072173409520523,3291.706610340367
279,['C5H5NO'],product,12,1,False,0.8805016875267029,-0.3180936238595981,2432.117242775824
280,['C5H5NO'],reactant,12,1,False,0.45157670974731445,-0.4072173409094006,3291.707108616594
280,['C5H5NO'],product,12,1,False,1.3809086084365845,-0.060492019783968,4162.053223242253
281,['C5H5NO'],reactant,12,3,False,1.0664061307907104,-0.04453192068788957,2182.1833583633165
281,['C5H5NO'],product,12,3,False,0.987013041973114,-0.20562048015910256,808.772805823573
282,['C5H5NO'],reactant,12,3,False,1.0664061307907104,-0.04453192068788957,2182.1833583633165
282,['C5H5NO'],product,12,5,False,1.1376887559890747,-0.21390369709244736,76430.59164242451
283,['C5H5NO'],reactant,12,2,False,0.5661722421646118,-0.43635256246545334,3061.673766411353
283,['C5H5NO'],product,12,2,False,0.642461359500885,-0.5365979946444163,3067.8527539852416
284,['C5H5NO'],reactant,12,2,False,0.5661722421646118,-0.43635256246545334,3061.673766411353
284,['C5H5NO'],product,12,4,False,0.6681634783744812,-0.4414977104986644,2857.431063388737
285,['C5H5NO'],reactant,12,2,False,0.5661722421646118,-0.43635256246545334,3061.673766411353
285,['C5H5NO'],product,12,3,False,0.9021047949790955,-0.2519829430685364,984.2404883727298
286,['C5H5NO'],reactant,12,1,False,1.0238958597183228,-0.23553060157381936,3326.6761671500526
286,['C5H5NO'],product,12,1,False,1.3687938451766968,-0.12807181019154873,268.4263793124832
